PPR_RK,PPR_TIERS,PLAYER NAME,TEAM,PPR_FAN PTS,PASS_YDS,PASS_TDS,REC,REC_YDS,REC_TDS,RUSH_ATT,RUSH_YDS,RUSH_TDS
1,1,CHRISTIAN MCCAFFREY,SF,391.3,0,0,67,564,7,272,1459,14
2,1,CEEDEE LAMB,DAL,403.2,0,0,135,1749,12,14,113,2
3,1,TYREEK HILL,MIA,376.4,0,0,119,1799,13,6,15,0
4,1,AMON-RA ST BROWN,DET,330.9,0,0,119,1515,10,4,24,0
5,1,JAMARR CHASE,CIN,262.7,0,0,100,1216,7,3,-6,0
6,2,JUSTIN JEFFERSON,MIN,202.2,0,0,68,1074,5,1,-12,0
7,2,BIJAN ROBINSON,ATL,246.3,0,0,58,487,4,214,976,4
8,2,BREECE HALL,NYJ,290.5,0,0,76,591,4,223,994,5
9,2,AJ BROWN,PHI,289.6,0,0,106,1456,7,0,0,0
10,2,GARRETT WILSON,NYJ,213.2,0,0,95,1042,3,4,0,0
11,2,PUKA NACUA,LAR,298.5,0,0,105,1486,6,12,89,0
12,3,JAHMYR GIBBS,DET,242.1,0,0,52,316,1,182,945,10
13,3,JONATHAN TAYLOR,IND,156.4,0,0,19,153,1,169,741,7
14,3,SAQUON BARKLEY,PHI,223.2,0,0,41,280,4,247,962,6
15,3,DAVANTE ADAMS,LV,265.4,0,0,103,1144,8,0,0,0
16,3,MARVIN HARRISON,ARI,0,0,0,0,0,0,0,0,0
17,3,CHRIS OLAVE,NO,231.3,0,0,87,1123,5,0,0,0
18,3,JOSH ALLEN,BUF,410.6,4306,29,0,0,0,111,524,15
19,3,DRAKE LONDON,ATL,174.4,0,0,69,905,2,0,0,0
20,4,MICHAEL PITTMAN,IND,250.2,0,0,109,1152,4,0,0,0
21,4,BRANDON AIYUK,SF,249.2,0,0,75,1342,7,0,0,0
22,4,TRAVIS ETIENNE,JAC,282.4,0,0,58,476,1,267,1008,11
23,4,JAYLEN WADDLE,MIA,198.6,0,0,72,1014,4,3,12,0
24,4,JALEN HURTS,PHI,371.8,3858,23,0,0,0,157,605,15
25,4,MIKE EVANS,TB,282.5,0,0,79,1255,13,0,0,0
26,4,SAM LAPORTA,DET,239.3,0,0,86,889,10,1,4,0
27,4,NICO COLLINS,HOU,260.4,0,0,80,1297,8,1,7,0
28,4,KYREN WILLIAMS,LAR,255,0,0,32,206,3,228,1144,12
29,4,TRAVIS KELCE,KC,219.4,0,0,93,984,5,0,0,0
30,4,PATRICK MAHOMES,KC,294.2,4183,27,0,0,0,75,389,0
31,4,LAMAR JACKSON,BAL,338.2,3678,24,0,0,0,148,821,5
32,4,DJ MOORE,CHI,286.5,0,0,96,1364,8,4,21,1
33,5,COOPER KUPP,LAR,164.4,0,0,59,737,5,1,-3,0
34,5,ISIAH PACHECO,KC,213.9,0,0,44,244,2,205,935,7
35,5,DEVON ACHANE,MIA,190.7,0,0,27,197,3,103,800,8
36,5,DEEBO SAMUEL,SF,243.7,0,0,60,892,7,37,225,5
37,5,DK METCALF,SEA,225.4,0,0,66,1114,8,0,0,0
38,5,DEVONTA SMITH,PHI,227.6,0,0,81,1066,7,0,0,0
39,5,DERRICK HENRY,BAL,246.7,0,0,28,214,0,280,1167,12
40,5,RACHAAD WHITE,TB,267.9,0,0,64,549,3,272,990,6
41,5,AMARI COOPER,CLE,227,0,0,72,1250,5,0,0,0
42,5,STEFON DIGGS,HOU,273.8,0,0,107,1183,8,1,5,0
43,5,MALIK NABERS,NYG,0,0,0,0,0,0,0,0,0
44,6,JAMES COOK,BUF,232.7,0,0,44,445,4,237,1122,2
45,6,ALVIN KAMARA,NO,233,0,0,75,466,1,180,694,5
46,6,ANTHONY RICHARDSON,IND,73.7,577,3,0,0,0,25,136,4
47,6,JOSH JACOBS,GB,181.1,0,0,37,296,0,233,805,6
48,6,JOE MIXON,HOU,267,0,0,52,376,3,257,1034,9
49,6,ZAY FLOWERS,BAL,206.4,0,0,77,858,5,8,56,1
50,6,CJ STROUD,HOU,281,4108,23,0,0,0,39,167,3
51,6,TREY MCBRIDE,ARI,181.5,0,0,81,825,3,0,0,0
52,6,TEE HIGGINS,CIN,137.6,0,0,42,656,5,0,0,0
53,6,CHRISTIAN KIRK,JAC,150.3,0,0,57,787,3,1,6,0
54,6,KEENAN ALLEN,CHI,278.9,0,0,108,1243,7,2,6,0
55,6,GEORGE PICKENS,PIT,208.8,0,0,63,1140,5,3,18,0
56,6,MARK ANDREWS,BAL,135.4,0,0,45,544,6,1,0,0
57,6,KENNETH WALKER,SEA,199.4,0,0,29,259,1,219,905,8
58,6,TERRY MCLAURIN,WAS,203.2,0,0,79,1002,4,0,0,0
59,6,JOE BURROW,CIN,153.2,2309,15,0,0,0,31,88,0
60,6,NATHANIEL DELL,HOU,165,0,0,47,709,7,11,51,0
61,6,DAK PRESCOTT,DAL,351.8,4516,36,0,0,0,55,242,2
62,6,KYLER MURRAY,ARI,151.4,1799,10,0,0,0,44,244,3
63,6,CHRIS GODWIN,TB,209.2,0,0,83,1024,2,4,38,1
64,6,AARON JONES,MIN,134.9,0,0,30,233,1,142,656,2
65,6,RHAMONDRE STEVENSON,NE,145.7,0,0,38,238,0,156,619,4
66,7,DALTON KINCAID,BUF,150.3,0,0,73,673,2,0,0,0
67,7,JAMES CONNER,ARI,201.5,0,0,27,165,2,208,1040,7
68,7,JORDAN LOVE,GB,330.1,4159,32,0,0,0,50,247,4
69,7,DAVID MONTGOMERY,DET,207.2,0,0,16,117,0,219,1015,13
70,7,DIONTAE JOHNSON,CAR,152.7,0,0,51,717,5,0,0,0
71,7,CALVIN RIDLEY,TEN,229.9,0,0,76,1016,8,9,23,0
72,7,EVAN ENGRAM,JAC,230.3,0,0,114,963,4,0,0,0
73,7,RASHEE RICE,KC,212.5,0,0,79,938,7,1,-3,0
74,7,ZAMIR WHITE,LV,73.9,0,0,15,98,0,104,451,1
75,7,DANDRE SWIFT,CHI,199.3,0,0,39,214,1,229,1049,5
76,7,JAYDEN REED,GB,217.2,0,0,64,793,8,11,119,2
77,7,BROCK PURDY,SF,306.6,4280,31,0,0,0,39,144,2
78,7,JAYLEN WARREN,PIT,196.4,0,0,61,370,0,149,784,4
79,7,NAJEE HARRIS,PIT,195.5,0,0,29,170,0,255,1035,8
80,7,DEANDRE HOPKINS,TEN,223.6,0,0,75,1057,7,2,9,0
81,7,MARQUISE BROWN,KC,134.7,0,0,51,574,4,2,23,0
82,7,JAXON SMITH-NJIGBA,SEA,149.8,0,0,63,628,4,0,0,0
83,7,TONY POLLARD,TEN,222.6,0,0,55,311,0,252,1005,6
84,7,TUA TAGOVAILOA,MIA,284.4,4624,29,0,0,0,35,74,0
85,7,KYLE PITTS,ATL,137.3,0,0,53,667,3,1,-4,0
86,7,GEORGE KITTLE,SF,203.2,0,0,65,1020,6,1,2,0
87,7,JAYDEN DANIELS,WAS,0,0,0,0,0,0,0,0,0
88,8,RAHEEM MOSTERT,MIA,267.7,0,0,25,175,3,209,1012,18
89,8,JARED GOFF,DET,303.1,4575,30,0,0,0,32,21,2
90,8,JORDAN ADDISON,MIN,221.3,0,0,70,911,10,1,2,0
91,8,JAVONTE WILLIAMS,DEN,179.2,0,0,47,228,2,217,774,3
92,8,TREVOR LAWRENCE,JAC,276.5,4016,21,0,0,0,70,339,4
93,8,DAVID NJOKU,CLE,201.2,0,0,81,882,6,0,0,0
94,8,TYJAE SPEARS,TEN,153.8,0,0,52,385,1,100,453,2
95,8,JAKE FERGUSON,DAL,177.1,0,0,71,761,5,0,0,0
96,8,CALEB WILLIAMS,CHI,0,0,0,0,0,0,0,0,0
97,8,BRIAN ROBINSON,WAS,198.1,0,0,36,368,4,178,733,5
98,8,JUSTIN HERBERT,LAC,241.2,3134,20,0,0,0,52,228,3
99,8,XAVIER WORTHY,KC,0,0,0,0,0,0,0,0,0
100,8,ZACK MOSS,CIN,169.6,0,0,27,192,2,183,794,5
101,8,COURTLAND SUTTON,DEN,190.2,0,0,59,772,10,0,0,0
102,8,CHRISTIAN WATSON,GB,101.3,0,0,28,422,5,4,11,0
103,8,DALLAS GOEDERT,PHI,136.3,0,0,59,592,3,1,1,0
104,8,DEVIN SINGLETARY,NYG,167.3,0,0,30,193,0,216,898,4
105,8,KIRK COUSINS,ATL,154.7,2331,18,0,0,0,14,25,0
106,8,ROME ODUNZE,CHI,0,0,0,0,0,0,0,0,0
107,8,LADD MCCONKEY,LAC,0,0,0,0,0,0,0,0,0
108,8,AUSTIN EKELER,WAS,185.4,0,0,51,436,1,179,628,5
109,8,TYLER LOCKETT,SEA,202.4,0,0,79,894,5,0,0,0
110,8,BROCK BOWERS,LV,0,0,0,0,0,0,0,0,0
111,8,MATTHEW STAFFORD,LAR,254.1,3965,24,0,0,0,21,65,0
112,8,JONATHON BROOKS,CAR,0,0,0,0,0,0,0,0,0
113,8,JAKOBI MEYERS,LV,218.6,0,0,71,807,8,4,24,2
114,8,PAT FREIERMUTH,PIT,76.8,0,0,32,308,2,0,0,0
115,9,TJ HOCKENSON,MIN,219,0,0,95,960,5,0,0,0
116,9,EZEKIEL ELLIOTT,DAL,174.5,0,0,51,313,2,184,642,3
117,9,BRIAN THOMAS,JAC,0,0,0,0,0,0,0,0,0
118,9,AARON RODGERS,NYJ,0,0,0,0,0,0,0,0,0
119,9,DALTON SCHULTZ,HOU,150.5,0,0,59,635,5,0,0,0
120,9,JEROME FORD,CLE,211.2,0,0,44,319,5,204,813,4
121,9,DESHAUN WATSON,CLE,90.8,1115,7,0,0,0,26,142,1
122,9,GUS EDWARDS,LAC,187,0,0,12,180,0,198,810,13
123,9,CHASE BROWN,CIN,53.5,0,0,14,156,1,44,179,0
124,9,NICK CHUBB,CLE,23.1,0,0,4,21,0,28,170,0
125,9,COLE KMET,CHI,181.1,0,0,73,719,6,3,2,0
126,9,JAMESON WILLIAMS,DET,80.3,0,0,24,354,2,3,29,1
127,9,CURTIS SAMUEL,BUF,157.2,0,0,62,613,4,7,39,1
128,9,KEON COLEMAN,BUF,0,0,0,0,0,0,0,0,0
129,9,BAKER MAYFIELD,TB,284.1,4044,28,0,0,0,62,163,1
130,9,ZACH CHARBONNET,SEA,106.1,0,0,33,209,0,108,462,1
131,9,JOSH PALMER,LAC,106.7,0,0,38,581,2,1,6,0
132,9,GENO SMITH,SEA,236.3,3624,20,0,0,0,37,155,1
133,9,MIKE WILLIAMS,NYJ,50.2,0,0,19,249,1,1,3,0
134,9,BRANDIN COOKS,DAL,173.2,0,0,54,657,8,5,35,0
135,9,TREY BENSON,ARI,0,0,0,0,0,0,0,0,0
136,9,JOSH DOWNS,IND,157.1,0,0,68,771,2,0,0,0
137,9,RASHID SHAHEED,NO,155.6,0,0,46,719,5,7,37,0
138,9,ROMEO DOUBS,GB,174.4,0,0,59,674,8,0,0,0
139,9,LUKE MUSGRAVE,GB,75.2,0,0,34,352,1,0,0,0
140,9,ANTONIO GIBSON,NE,127.4,0,0,48,389,2,65,265,1
141,9,BLAKE CORUM,LAR,0,0,0,0,0,0,0,0,0
142,9,WILL LEVIS,TEN,106,1808,8,0,0,0,25,57,1
143,9,CHUBA HUBBARD,CAR,182.5,0,0,39,233,0,238,902,5
144,9,JERRY JEUDY,CLE,141.8,0,0,54,758,2,0,0,0
145,9,JAHAN DOTSON,WAS,124.8,0,0,49,518,4,0,0,0
146,9,JALEEL MCLAUGHLIN,DEN,106,0,0,31,160,2,76,410,1
147,9,KENDRE MILLER,NO,43.3,0,0,10,117,0,41,156,1
148,9,KHALIL SHAKIR,BUF,113.1,0,0,39,611,2,1,10,0
149,9,TY CHANDLER,MIN,101,0,0,21,159,0,102,461,3
150,10,HUNTER HENRY,NE,119.9,0,0,42,419,6,0,0,0
151,10,ADAM THIELEN,CAR,231,0,0,103,1014,4,1,6,0
152,10,RICO DOWDLE,DAL,91.5,0,0,17,144,2,89,361,2
153,10,TYLER ALLGEIER,ATL,137.6,0,0,18,193,1,186,683,4
154,10,DANIEL JONES,NYG,63,909,2,0,0,0,40,206,1
155,10,GABRIEL DAVIS,JAC,161.4,0,0,45,746,7,1,-2,0
156,10,DEREK CARR,NO,249.1,3878,25,0,0,0,32,40,0
157,10,MARSHAWN LLOYD,GB,0,0,0,0,0,0,0,0,0
158,10,BALTIMORE RAVENS,BAL,174,0,0,0,0,0,0,0,0
159,10,DEMARIO DOUGLAS,NE,107.2,0,0,49,561,0,8,41,0
160,10,CADE OTTON,TB,116.5,0,0,47,455,4,0,0,0
161,10,KHALIL HERBERT,CHI,112.5,0,0,20,134,1,132,611,2
162,10,ADONAI MITCHELL,IND,0,0,0,0,0,0,0,0,0
163,10,DONTAYVION WICKS,GB,119.8,0,0,39,581,4,1,1,0
164,10,ROSCHON JOHNSON,CHI,102.1,0,0,34,209,0,81,352,2
165,10,SAN FRANCISCO 49ERS,SF,141,0,0,0,0,0,0,0,0
166,10,JK DOBBINS,LAC,11.7,0,0,2,15,0,8,22,1
167,10,BRYCE YOUNG,CAR,166.4,2877,11,0,0,0,39,253,0
168,10,DALLAS COWBOYS,DAL,178,0,0,0,0,0,0,0,0
169,10,MICHAEL WILSON,ARI,114.5,0,0,38,565,3,0,0,0
170,10,WANDALE ROBINSON,NYG,133.2,0,0,60,525,1,9,87,1
171,10,CHIGOZIEM OKONKWO,TEN,113.4,0,0,54,528,1,2,6,0
172,10,RUSSELL WILSON,PIT,264.9,3070,26,0,0,0,80,341,3
173,10,NEW YORK JETS,NYJ,154,0,0,0,0,0,0,0,0
174,10,CLEVELAND BROWNS,CLE,153,0,0,0,0,0,0,0,0
175,10,QUENTIN JOHNSTON,LAC,94,0,0,38,431,2,3,9,0
176,10,MARVIN MIMS,DEN,70.7,0,0,22,377,1,9,30,0
177,10,RASHOD BATEMAN,BAL,76.5,0,0,32,367,1,1,18,0
178,10,TYLER CONKLIN,NYJ,123.1,0,0,61,621,0,1,0,0
179,10,XAVIER LEGETTE,CAR,0,0,0,0,0,0,0,0,0
180,10,DARNELL MOONEY,ATL,78.9,0,0,31,414,1,2,5,0
181,10,JALYNN POLK,NE,0,0,0,0,0,0,0,0,0
182,11,ELIJAH MITCHELL,SF,47.5,0,0,6,14,0,75,281,2
183,11,JUWAN JOHNSON,NO,97.8,0,0,37,368,4,0,0,0
184,11,BUFFALO BILLS,BUF,159,0,0,0,0,0,0,0,0
185,11,KINGSTON DAVIS,BUF,0,0,0,0,0,0,0,0,0
186,11,KANSAS CITY CHIEFS,KC,134,0,0,0,0,0,0,0,0
187,11,PITTSBURGH STEELERS,PIT,143,0,0,0,0,0,0,0,0
188,11,JUSTIN TUCKER,BAL,160,0,0,0,0,0,0,0,0
189,11,BRANDON AUBREY,DAL,181,0,0,0,0,0,0,0,0
190,11,JERMAINE BURTON,CIN,0,0,0,0,0,0,0,0,0
191,11,PHILADELPHIA EAGLES,PHI,101,0,0,0,0,0,0,0,0
192,11,NOAH FANT,SEA,73.4,0,0,32,414,0,0,0,0
193,11,JAYLEN WRIGHT,MIA,0,0,0,0,0,0,0,0,0
194,11,ELIJAH MOORE,CLE,132.1,0,0,59,640,2,9,11,0
195,11,NEW ORLEANS SAINTS,NO,143,0,0,0,0,0,0,0,0
196,11,DAMEON PIERCE,HOU,82.7,0,0,13,101,0,145,416,2
197,11,BEN SINNOTT,WAS,0,0,0,0,0,0,0,0,0
198,11,HARRISON BUTKER,KC,154,0,0,0,0,0,0,0,0
199,11,HOUSTON TEXANS,HOU,131,0,0,0,0,0,0,0,0
200,11,TROY FRANKLIN,DEN,0,0,0,0,0,0,0,0,0
201,11,JASON SANDERS,MIA,146,0,0,0,0,0,0,0,0
202,11,TUCKER KRAFT,GB,78.5,0,0,31,355,2,0,0,0
203,11,ROMAN WILSON,PIT,0,0,0,0,0,0,0,0,0
204,11,MIAMI DOLPHINS,MIA,152,0,0,0,0,0,0,0,0
205,11,RICKY PEARSALL,SF,0,0,0,0,0,0,0,0,0
206,11,DEMARCUS ROBINSON,LAR,87.4,0,0,26,371,4,1,23,0
207,11,TAYSOM HILL,NO,143.5,0,0,33,291,2,81,401,4
208,11,JAKE MOODY,SF,131,0,0,0,0,0,0,0,0
209,11,TYLER BASS,BUF,133,0,0,0,0,0,0,0,0
210,11,KIMANI VIDAL,LAC,0,0,0,0,0,0,0,0,0
211,11,KAIMI FAIRBAIRN,HOU,114,0,0,0,0,0,0,0,0
212,11,KENNY GAINWELL,PHI,97.4,0,0,30,183,0,84,364,2
213,11,CHICAGO BEARS,CHI,120,0,0,0,0,0,0,0,0
214,11,MARKEISE IRVING,TB,0,0,0,0,0,0,0,0,0
215,11,ISAIAH LIKELY,BAL,101.1,0,0,30,411,5,0,0,0
216,11,JAKE ELLIOTT,PHI,156,0,0,0,0,0,0,0,0
217,11,JALIN HYATT,NYG,60.3,0,0,23,373,0,0,0,0
218,11,TYLER BOYD,TEN,145.8,0,0,67,667,2,2,11,0
219,11,DARIUS SLAYTON,NYG,151,0,0,50,770,4,0,0,0
220,11,YOUNGHOE KOO,ATL,138,0,0,0,0,0,0,0,0
221,11,ALEXANDER MATTISON,LV,133.2,0,0,30,192,3,180,700,0
222,11,JAVON BAKER,NE,0,0,0,0,0,0,0,0,0
223,11,JJ MCCARTHY,MIN,0,0,0,0,0,0,0,0,0
224,11,KEATON MITCHELL,BAL,69.9,0,0,9,93,0,47,396,2
225,11,EVAN MCPHERSON,CIN,140,0,0,0,0,0,0,0,0
226,11,ZAY JONES,ARI,78.1,0,0,34,321,2,0,0,0
227,11,DONTA FOREMAN,CLE,91.2,0,0,11,77,1,109,425,4
228,11,CLYDE EDWARDS-HELAIRE,KC,70.1,0,0,17,188,1,70,223,1
229,11,MILES SANDERS,CAR,87.6,0,0,27,154,0,129,432,1
230,11,MIKE GESICKI,CIN,65.4,0,0,29,244,2,0,0,0
231,11,AUDRIC ESTIME,DEN,0,0,0,0,0,0,0,0,0
232,11,BRAELON ALLEN,NYJ,0,0,0,0,0,0,0,0,0
233,11,AJ DILLON,GB,117.6,0,0,22,223,0,178,613,2
234,12,BO NIX,DEN,0,0,0,0,0,0,0,0,0
235,12,DRAKE MAYE,NE,0,0,0,0,0,0,0,0,0
236,12,MINNESOTA VIKINGS,MIN,124,0,0,0,0,0,0,0,0
237,12,KENDRICK BOURNE,NE,100,0,0,37,406,4,1,4,0
238,12,MICHAEL MAYER,LV,71.4,0,0,27,304,2,0,0,0
239,12,MALACHI CORLEY,NYJ,0,0,0,0,0,0,0,0,0
240,12,RONDALE MOORE,ATL,105,0,0,40,352,1,28,178,1
241,12,DUSTIN HOPKINS,CLE,149,0,0,0,0,0,0,0,0
242,12,ODELL BECKHAM,MIA,107.5,0,0,35,565,3,0,0,0
243,12,MATT GAY,IND,157,0,0,0,0,0,0,0,0
244,12,CAMERON DICKER,LAC,151,0,0,0,0,0,0,0,0
245,12,JELANI WOODS,IND,0,0,0,0,0,0,0,0,0
246,12,JAMAAL WILLIAMS,NO,60.8,0,0,18,62,0,106,306,1
247,12,TREYLON BURKS,TEN,39.9,0,0,16,221,0,5,18,0
248,12,JONATHAN MINGO,CAR,84.8,0,0,43,418,0,0,0,0
249,12,JUSTICE HILL,BAL,109.3,0,0,28,206,1,84,387,3
250,12,INDIANAPOLIS COLTS,IND,139,0,0,0,0,0,0,0,0
251,12,AT PERRY,NO,60.6,0,0,12,246,4,0,0,0
252,12,TYRONE TRACY,NYG,0,0,0,0,0,0,0,0,0
253,12,DJ CHARK,LAC,115.5,0,0,35,525,5,0,0,0
254,12,JATAVION SANDERS,CAR,0,0,0,0,0,0,0,0,0
255,12,CAIRO SANTOS,CHI,158,0,0,0,0,0,0,0,0
256,12,CARTAVIOUS BIGSBY,JAC,22.8,0,0,1,6,0,50,132,2
257,12,JASON MYERS,SEA,158,0,0,0,0,0,0,0,0
258,12,SAMAJE PERINE,DEN,121.3,0,0,50,455,0,53,238,1
259,12,JUSTIN FIELDS,PIT,239.2,2562,16,0,0,0,124,657,4
260,12,GERALD EVERETT,CHI,111.1,0,0,51,411,3,3,10,0
261,12,JALEN MCMILLAN,TB,0,0,0,0,0,0,0,0,0
262,12,DAWSON KNOX,BUF,54.6,0,0,22,186,2,0,0,0
263,12,DETROIT LIONS,DET,107,0,0,0,0,0,0,0,0
264,12,TREY PALMER,TB,95.7,0,0,39,385,3,3,22,0
265,12,DEVONTEZ WALKER,BAL,0,0,0,0,0,0,0,0,0
266,12,CEDRIC TILLMAN,CLE,44.2,0,0,21,224,0,1,8,0
267,12,ALEC PIERCE,IND,95.4,0,0,32,514,2,0,0,0
268,12,JOSH REYNOLDS,DEN,128.8,0,0,40,608,5,0,0,0
269,12,KJ OSBORN,NE,120,0,0,48,540,3,0,0,0
270,12,DENVER BRONCOS,DEN,118,0,0,0,0,0,0,0,0
271,12,JACKSONVILLE JAGUARS,JAC,120,0,0,0,0,0,0,0,0
272,12,TYLER HIGBEE,LAR,108.5,0,0,47,495,2,0,0,0
273,12,ANDREI IOSIVAS,CIN,50.6,0,0,15,116,4,0,0,0
274,12,WILL SHIPLEY,PHI,0,0,0,0,0,0,0,0,0
275,12,GARDNER MINSHEW,LV,205.2,3305,15,0,0,0,34,100,3
276,12,CINCINNATI BENGALS,CIN,118,0,0,0,0,0,0,0,0
277,12,DANIEL CARLSON,LV,121,0,0,0,0,0,0,0,0
278,12,JONNU SMITH,MIA,124.2,0,0,50,582,3,1,0,0
279,13,SAM DARNOLD,MIN,24.4,297,2,0,0,0,21,15,1
280,13,EVAN HULL,IND,1.7,0,0,1,6,0,1,1,0
281,13,BLAKE GRUPE,NO,150,0,0,0,0,0,0,0,0
282,13,DEUCE VAUGHN,DAL,15,0,0,7,40,0,23,40,0
283,13,DYLAN LAUBE,LV,0,0,0,0,0,0,0,0,0
284,13,LUKE MCCAFFREY,WAS,0,0,0,0,0,0,0,0,0
285,13,GREG DULCICH,DEN,5.5,0,0,3,25,0,0,0,0
286,13,TREY SERMON,IND,20.3,0,0,3,13,0,35,160,0
287,13,JORDAN MASON,SF,44.7,0,0,3,31,0,40,206,3
288,13,MICHAEL CARTER,ARI,58.8,0,0,24,101,1,30,187,0
289,13,KADARIUS TONEY,KC,53,0,0,27,169,1,11,31,0
290,13,NOAH BROWN,HOU,101.6,0,0,33,567,2,1,-1,0
291,13,ZACH ERTZ,WAS,51.7,0,0,27,187,1,0,0,0
292,13,AIDAN OCONNELL,LV,132.8,2218,12,0,0,0,17,11,1
293,13,JEFFERY WILSON,MIA,41.3,0,0,14,85,0,41,188,0
294,13,GREG ZUERLEIN,NYJ,143,0,0,0,0,0,0,0,0
295,13,CHRISTOPHER RODRIGUEZ,WAS,37.9,0,0,2,12,0,51,247,2
296,13,ISAAC GUERENDO,SF,0,0,0,0,0,0,0,0,0
297,13,DERNEST JOHNSON,JAC,34.8,0,0,10,140,0,41,108,0
298,13,MICHAEL THOMAS,FA,89.8,0,0,39,448,1,0,0,0
299,13,BRENDEN RICE,LAC,0,0,0,0,0,0,0,0,0
300,13,CORDARRELLE PATTERSON,PIT,36.9,0,0,9,38,1,50,181,0
301,13,ISRAEL ABANIKANDA,NYJ,16.3,0,0,7,43,0,22,70,0
302,13,PIERRE STRONG,CLE,42.8,0,0,5,47,0,63,291,1
303,13,TYLER SCOTT,CHI,35.9,0,0,17,168,0,7,41,0
304,13,CHASE EDMONDS,TB,39.7,0,0,14,81,0,49,176,0
305,13,ROBERT WOODS,HOU,89.3,0,0,40,426,1,1,7,0
306,13,ERIC GRAY,NYG,13,0,0,6,22,0,17,48,0
307,13,JACOB COWING,SF,0,0,0,0,0,0,0,0,0
308,13,EMARI DEMERCADO,ARI,73.3,0,0,21,119,0,58,284,2
309,13,NEW ENGLAND PATRIOTS,NE,109,0,0,0,0,0,0,0,0
310,13,DANIEL BELLINGER,NYG,50.5,0,0,25,255,0,0,0,0
311,13,GREEN BAY PACKERS,GB,115,0,0,0,0,0,0,0,0
312,13,JERICK MCKINNON,FA,84.4,0,0,25,192,4,21,60,1
313,13,GREG DORTCH,ARI,64.5,0,0,24,280,2,1,5,0
314,13,COLBY PARKINSON,LAR,61.7,0,0,25,247,2,0,0,0
315,13,LAS VEGAS RAIDERS,LV,146,0,0,0,0,0,0,0,0
316,13,RONNIE RIVERS,LAR,20.1,0,0,5,22,0,32,129,0
317,13,KAREEM HUNT,FA,118.5,0,0,15,84,0,135,411,9
318,13,HAYDEN HURST,LAC,42.4,0,0,18,184,1,0,0,0
319,13,JACOBY BRISSETT,NE,22.9,224,3,0,0,0,3,19,0
320,13,JALEN TOLBERT,DAL,58.8,0,0,22,268,2,0,0,0
321,13,RASHAAD PENNY,CAR,4.8,0,0,1,5,0,11,33,0
322,13,SALVON AHMED,MIA,42.9,0,0,16,88,1,22,61,1
323,13,THEO JOHNSON,NYG,0,0,0,0,0,0,0,0,0
324,13,MICHAEL PENIX,ATL,0,0,0,0,0,0,0,0,0
325,13,CAM AKERS,HOU,46.7,0,0,11,70,0,60,167,2
326,13,ISAIAH SPILLER,LAC,19,0,0,6,34,0,37,96,0
327,13,JOSHUA KELLEY,FA,61.7,0,0,8,32,0,107,405,2
328,13,CHATARIUS ATWELL,LAR,112.4,0,0,39,483,3,5,31,0
329,14,DALVIN COOK,FA,40.2,0,0,15,78,0,67,214,0
330,14,MARQUEZ VALDES-SCANTLING,BUF,56.5,0,0,21,315,1,0,0,0
331,14,MICHAEL GALLUP,FA,87.8,0,0,34,418,2,0,0,0
332,14,MATT BREIDA,FA,46.9,0,0,17,88,0,55,151,1
333,14,MALIK WASHINGTON,MIA,0,0,0,0,0,0,0,0,0
334,14,TRE TUCKER,LV,71.8,0,0,19,331,2,10,77,0
335,14,JUJU SMITH-SCHUSTER,NE,61,0,0,29,260,1,0,0,0
336,14,KALIF RAYMOND,DET,97.4,0,0,35,489,1,7,75,0
337,14,ALLEN LAZARD,NYJ,60.1,0,0,23,311,1,0,0,0
338,14,LOGAN THOMAS,SF,126.8,0,0,55,496,4,1,2,0
339,14,HUNTER RENFROW,FA,48.5,0,0,25,255,0,0,0,0
340,14,BO MELTON,GB,45.9,0,0,16,218,1,3,21,0
341,14,RASHEEN ALI,BAL,0,0,0,0,0,0,0,0,0
342,14,NELSON AGHOLOR,BAL,97.1,0,0,35,381,4,0,0,0
343,14,DONOVAN PEOPLES-JONES,DET,28.5,0,0,13,155,0,0,0,0
344,14,SKYY MOORE,KC,53.7,0,0,21,244,1,3,23,0
345,14,SAM HOWELL,SEA,278.5,3946,21,0,0,0,48,263,5
346,14,DONALD PARHAM,LAC,79.5,0,0,27,285,4,0,0,0
347,14,WIL LUTZ,DEN,129,0,0,0,0,0,0,0,0
348,14,CALVIN AUSTIN,PIT,52.7,0,0,17,180,1,11,57,1
349,14,JOHN METCHIE,HOU,32.2,0,0,16,158,0,1,4,0
350,14,JAUAN JENNINGS,SF,51.5,0,0,19,265,1,0,0,0
351,14,VAN JEFFERSON,PIT,41.3,0,0,20,209,0,1,4,0
352,14,KEAONTAY INGRAM,KC,14,0,0,4,26,0,35,74,0
353,14,XAVIER GIPSON,NYJ,58.7,0,0,21,229,0,8,68,1
354,14,DREW LOCK,NYG,32.1,543,3,0,0,0,5,14,0
355,14,ERICK ALL,CIN,0,0,0,0,0,0,0,0,0
356,14,KENNY PICKETT,PHI,114.2,2070,6,0,0,0,42,54,1
357,14,ROYCE FREEMAN,DAL,46.2,0,0,1,13,0,77,319,2
358,14,JAWHAR JORDAN,HOU,0,0,0,0,0,0,0,0,0
359,14,TY JOHNSON,BUF,32.4,0,0,7,62,1,30,132,0
360,14,WILL DISSLY,LAC,40.2,0,0,17,172,1,0,0,0
361,14,TIM PATRICK,DEN,0,0,0,0,0,0,0,0,0
362,14,TANNER HUDSON,CIN,80.2,0,0,39,352,1,0,0,0
363,14,NOAH GRAY,KC,70.6,0,0,28,305,2,1,1,0
364,14,CRAIG REYNOLDS,DET,29.6,0,0,5,47,0,41,179,1
365,14,JOE FLACCO,IND,108.8,1616,13,0,0,0,9,2,0
366,14,LOS ANGELES RAMS,LAR,83,0,0,0,0,0,0,0,0
367,14,PARKER WASHINGTON,JAC,39.2,0,0,16,132,2,0,0,0
368,14,LATAVIUS MURRAY,FA,82.9,0,0,17,119,0,79,300,4
369,14,AINIAS SMITH,PHI,0,0,0,0,0,0,0,0,0
370,14,KYLEN GRANSON,IND,73,0,0,30,368,1,1,2,0
371,14,BRANDON POWELL,MIN,67.1,0,0,29,324,1,5,17,0
372,14,JUSTIN WATSON,KC,89,0,0,27,460,3,0,0,0
373,14,PARRIS CAMPBELL,PHI,30.4,0,0,20,104,0,0,0,0
374,14,JOHNNY WILSON,PHI,0,0,0,0,0,0,0,0,0
375,14,TAMPA BAY BUCCANEERS,TB,133,0,0,0,0,0,0,0,0
376,14,JAMEIS WINSTON,CLE,15,264,2,0,0,0,5,-6,0
377,14,DENERIC PRINCE,KC,0,0,0,0,0,0,0,0,0
378,14,CHRIS BOSWELL,PIT,133,0,0,0,0,0,0,0,0
379,14,JAHEIM BELL,NE,0,0,0,0,0,0,0,0,0
380,14,CADE STOVER,HOU,0,0,0,0,0,0,0,0,0
381,14,ISAIAH DAVIS,NYJ,0,0,0,0,0,0,0,0,0
382,15,BREVIN JORDAN,HOU,50.9,0,0,17,219,2,0,0,0
383,15,BRANDON MCMANUS,FA,146,0,0,0,0,0,0,0,0
384,15,SEATTLE SEAHAWKS,SEA,109,0,0,0,0,0,0,0,0
385,15,JARRETT STIDHAM,DEN,27.6,496,2,0,0,0,9,8,0
386,15,XAVIER HUTCHINSON,HOU,21.9,0,0,8,90,0,5,49,0
387,15,JEREMY RUCKERT,NYJ,31.1,0,0,16,151,0,0,0,0
388,15,TRENTON IRWIN,CIN,62.6,0,0,25,316,1,0,0,0
389,15,LOS ANGELES CHARGERS,LAC,112,0,0,0,0,0,0,0,0
390,15,GREG JOSEPH,GB,119,0,0,0,0,0,0,0,0
391,15,BLAKE WATSON,DEN,0,0,0,0,0,0,0,0,0
392,15,NEW YORK GIANTS,NYG,131,0,0,0,0,0,0,0,0
393,15,DAVIS ALLEN,LAR,25.5,0,0,10,95,1,0,0,0
394,15,CEDRICK WILSON,NO,69.6,0,0,22,296,3,0,0,0
395,15,JOHN MUNDT,MIN,40.2,0,0,17,172,1,0,0,0
396,15,CHASE MCLAUGHLIN,TB,136,0,0,0,0,0,0,0,0
397,15,JOSH OLIVER,MIN,53.3,0,0,22,213,2,0,0,0
398,15,JAKE BROWNING,CIN,151.4,1936,12,0,0,0,27,127,3
399,15,CAROLINA PANTHERS,CAR,71,0,0,0,0,0,0,0,0
400,15,MATT PRATER,ARI,130,0,0,0,0,0,0,0,0
401,15,RYAN FLOURNOY,DAL,0,0,0,0,0,0,0,0,0
402,15,JAKE BATES,DET,0,0,0,0,0,0,0,0,0
403,15,AUSTIN HOOPER,NE,48.4,0,0,25,234,0,0,0,0
404,15,NYHEIM HINES,CLE,0,0,0,0,0,0,0,0,0
405,15,ADAM TRAUTMAN,DEN,60.4,0,0,22,204,3,0,0,0
406,15,AMEER ABDULLAH,LV,41,0,0,19,131,0,15,89,0
407,15,CHRIS MOORE,ARI,68.3,0,0,22,424,0,2,39,0
408,15,FRANK GORE,BUF,0,0,0,0,0,0,0,0,0
409,15,CODY SCHRADER,SF,0,0,0,0,0,0,0,0,0
410,15,EDDY PINEIRO,CAR,109,0,0,0,0,0,0,0,0
411,15,MECOLE HARDMAN,KC,25.7,0,0,15,124,0,1,3,0
412,15,MALIK DAVIS,DAL,0,0,0,0,0,0,0,0,0
413,15,ATLANTA FALCONS,ATL,95,0,0,0,0,0,0,0,0
414,15,TRAYVEON WILLIAMS,CIN,14.9,0,0,7,10,0,15,69,0
415,15,JERROD MEANS,NO,0,0,0,0,0,0,0,0,0
416,15,CHASE CLAYPOOL,BUF,21.7,0,0,8,77,1,0,0,0
417,15,ISAIAH HODGINS,NYG,60,0,0,21,230,3,0,0,0
418,15,KENNY MCINTOSH,SEA,0,0,0,0,0,0,0,0,0
419,15,DARNELL WASHINGTON,PIT,13.1,0,0,7,61,0,0,0,0
420,15,ANDERS CARLSON,GB,125,0,0,0,0,0,0,0,0
421,15,WILL REICHARD,MIN,0,0,0,0,0,0,0,0,0
422,15,BRAXTON BERRIOS,MIA,57.9,0,0,27,238,1,1,11,0
423,15,QUEZ WATKINS,PIT,35.2,0,0,15,142,1,0,0,0
424,15,SEAN TUCKER,TB,5.2,0,0,2,9,0,15,23,0
425,15,GRAHAM GANO,NYG,50,0,0,0,0,0,0,0,0
426,15,CASEY WASHINGTON,ATL,0,0,0,0,0,0,0,0,0
427,15,ISAIAH MCKENZIE,NYG,16.6,0,0,11,82,0,3,14,0
428,15,COLE TURNER,WAS,23,0,0,11,120,0,0,0,0
429,15,MAC JONES,JAC,118.4,2120,10,0,0,0,26,96,0
430,15,TERRACE MARSHALL,CAR,32.9,0,0,19,139,0,0,0,0
431,15,NICK WESTBROOK,TEN,85,0,0,28,370,3,0,0,0
432,15,WASHINGTON COMMANDERS,WAS,64,0,0,0,0,0,0,0,0
433,15,JUSTYN ROSS,KC,11.3,0,0,6,53,0,0,0,0
434,15,KAVONTAE TURPIN,DAL,59.7,0,0,12,127,3,11,110,1
435,15,LUCAS KRULL,DEN,23.5,0,0,8,95,1,0,0,0
436,15,BOSTON SCOTT,LAR,15.8,0,0,4,52,0,20,86,0
437,15,JORDAN WHITTINGTON,LAR,0,0,0,0,0,0,0,0,0
438,15,JAKE BOBO,SEA,56.9,0,0,19,196,2,1,3,1
439,15,ZACH EVANS,LAR,1.9,0,0,0,0,0,9,19,0
440,15,CHARLIE JONES,CIN,20.7,0,0,7,64,0,2,13,0
441,15,LEONARD FOURNETTE,FA,4,0,0,0,0,0,12,40,0
442,15,CHRIS EVANS,CIN,2.1,0,0,1,-1,0,2,12,0
443,15,JASE MCCLELLAN,ATL,0,0,0,0,0,0,0,0,0
444,15,JAMARI THRASH,CLE,0,0,0,0,0,0,0,0,0
445,15,EMEKA EMEZIE,FA,0,0,0,0,0,0,0,0,0
446,15,FOSTER MOREAU,NO,46.3,0,0,21,193,1,0,0,0
447,15,LUKE SCHOONMAKER,DAL,26.5,0,0,8,65,2,0,0,0
448,15,JOSHUA DOBBS,SF,210.7,2464,13,0,0,0,77,421,6
449,15,DAVID BELL,CLE,48.7,0,0,14,167,3,0,0,0
450,15,SPENCER RATTLER,NO,0,0,0,0,0,0,0,0,0
451,15,KYLE PHILIPS,TEN,31.1,0,0,15,181,0,0,0,0
452,15,AJ BARNER,SEA,0,0,0,0,0,0,0,0,0
453,15,MACK HOLLINS,BUF,43.1,0,0,18,251,0,0,0,0
454,15,TRENT SHERFIELD,MIN,25.6,0,0,11,86,1,0,0,0
455,15,BROCK WRIGHT,DET,28.1,0,0,13,91,1,0,0,0
456,15,JALEN BROOKS,DAL,12.4,0,0,6,64,0,0,0,0
457,15,CORNELIUS JOHNSON,LAC,0,0,0,0,0,0,0,0,0
458,15,TYQUAN THORNTON,NE,27.2,0,0,13,91,0,3,51,0
459,16,DURHAM SMYTHE,MIA,71.6,0,0,35,366,0,0,0,0
460,16,TOMMY TREMBLE,CAR,60.4,0,0,23,194,3,0,0,0
461,16,JARED WILEY,KC,0,0,0,0,0,0,0,0,0
462,16,DAIJUN EDWARDS,FA,0,0,0,0,0,0,0,0,0
463,16,ZACH WILSON,DEN,126.9,2271,8,0,0,0,36,211,0
464,16,DEVIN DUVERNAY,JAC,7.3,0,0,4,18,0,4,15,0
465,16,DEEJAY DALLAS,ARI,8.2,0,0,6,26,0,10,36,0
466,16,DILLON JOHNSON,FA,0,0,0,0,0,0,0,0,0
467,16,RILEY PATTERSON,JAC,93,0,0,0,0,0,0,0,0
468,16,ROBERT TONYAN,MIN,22.2,0,0,11,112,0,0,0,0
469,16,KEVIN HARRIS,NE,21.3,0,0,3,58,0,16,65,1
470,16,PATRICK TAYLOR,SF,30,0,0,11,49,0,32,141,0
471,16,MIKE WHITE,MIA,3.1,74,1,0,0,0,8,-9,0
472,16,KENE NWANGWU,MIN,1.3,0,0,0,0,0,5,13,0
473,16,JARET PATTERSON,LAC,0,0,0,0,0,0,0,0,0
474,16,TYROD TAYLOR,NYJ,90.3,1341,5,0,0,0,38,197,0
475,16,OLAMIDE ZACCHEAUS,WAS,38.4,0,0,10,164,2,0,0,0
476,16,MICHAEL WILEY,WAS,0,0,0,0,0,0,0,0,0
477,16,NICK FOLK,TEN,131,0,0,0,0,0,0,0,0
478,16,TIP REIMAN,ARI,0,0,0,0,0,0,0,0,0
479,16,DYAMI BROWN,WAS,35,0,0,12,168,1,1,0,0
480,16,JAMISON CROWDER,WAS,35.9,0,0,16,159,1,0,0,0
481,16,SCOTT MILLER,PIT,39.1,0,0,11,161,2,0,0,0
482,16,CHRISTOPHER BROOKS,MIA,10.6,0,0,0,0,0,19,106,0
483,16,TANNER MCLACHLAN,CIN,0,0,0,0,0,0,0,0,0
484,16,TREY LANCE,DAL,0,0,0,0,0,0,0,0,0
485,16,JORDAN AKINS,CLE,28.2,0,0,15,132,0,0,0,0
486,16,CARSON WENTZ,KC,27.1,163,2,0,0,0,17,56,1
487,16,KENDALL MILTON,PHI,0,0,0,0,0,0,0,0,0
488,16,WILL MALLORY,IND,38.7,0,0,18,207,0,0,0,0
489,16,EMANUEL WILSON,GB,14.8,0,0,4,23,0,14,85,0
490,16,AVERY WILLIAMS,ATL,0,0,0,0,0,0,0,0,0
491,16,KEILAN ROBINSON,JAC,0,0,0,0,0,0,0,0,0
492,16,RAHEEM BLACKSHEAR,CAR,17.1,0,0,6,45,0,14,46,0
493,16,CONNOR HEYWARD,PIT,39.7,0,0,23,167,0,1,0,0
494,16,HARRISON BRYANT,LV,37.9,0,0,13,81,3,5,8,0
495,16,DALLIN HOLKER,NO,0,0,0,0,0,0,0,0,0
496,16,ANTHONY GOULD,IND,0,0,0,0,0,0,0,0,0
497,16,MO ALIE-COX,IND,49.1,0,0,13,161,3,0,0,0
498,16,IRV SMITH,KC,33.5,0,0,18,115,1,0,0,0
499,16,DREW SAMPLE,CIN,50.3,0,0,22,163,2,0,0,0
500,16,BRENTON STRANGE,JAC,14.5,0,0,5,35,1,0,0,0
501,16,DAIJUN EDWARDS,PIT,0,0,0,0,0,0,0,0,0
